{
  "frozen_encoder/control": {
    "fold_accs": [
      0.5344827586206896,
      0.5,
      0.5344827586206896,
      0.543859649122807,
      0.49122807017543857
    ],
    "mean": 0.5208106473079249,
    "std": 0.021039589593592565
  }
}