{
  "full/control": {
    "fold_accs": [
      0.6379310344827587,
      0.5517241379310345,
      0.5517241379310345,
      0.5789473684210527,
      0.5614035087719298
    ],
    "mean": 0.5763460375075621,
    "std": 0.0323581019761199
  },
  "full/stress": {
    "fold_accs": [
      0.6551724137931034,
      0.6206896551724138,
      0.5517241379310345,
      0.5614035087719298,
      0.5964912280701754
    ],
    "mean": 0.5970961887477314,
    "std": 0.03811156241888443
  },
  "encoder_only/control": {
    "fold_accs": [
      0.603448275862069,
      0.6206896551724138,
      0.603448275862069,
      0.5964912280701754,
      0.631578947368421
    ],
    "mean": 0.6111312764670297,
    "std": 0.012975807199716218
  },
  "encoder_only/stress": {
    "fold_accs": [
      0.603448275862069,
      0.5689655172413793,
      0.5172413793103449,
      0.5964912280701754,
      0.5789473684210527
    ],
    "mean": 0.5730187537810043,
    "std": 0.03046179759690592
  },
  "fixed_encoder/control": {
    "fold_accs": [
      0.6379310344827587,
      0.5862068965517241,
      0.5517241379310345,
      0.5789473684210527,
      0.5087719298245614
    ],
    "mean": 0.5727162734422263,
    "std": 0.042434272347020754
  },
  "fixed_encoder/stress": {
    "fold_accs": [
      0.6379310344827587,
      0.5,
      0.5,
      0.543859649122807,
      0.543859649122807
    ],
    "mean": 0.5451300665456745,
    "std": 0.05037597320896221
  }
}